,1,2,3
0,"Distance: 5

Main points of difference:
1. Market competition versus public education as a fundamental right
2. Privatization and investment versus public education accountability
3. Practical skills focus versus social cohesion and equality
4. Private choice and innovation versus public education innovation without market forces
5. Inequality and barriers to access with privatization versus social cohesion and equality with public education prioritization","Distance: 4

Main points of difference:
1. Market Competition vs Public Education
2. Individual Choice vs Equity and Accessibility
3. Focus on Skills vs Social Mobility
4. Accountability and oversight vs Community engagement","Distance: 4

Main points of difference:
1. Approach to Education System (Privatization vs. Public Education)
2. Focus on Equity and Access
3. Role of Competition and Innovation
4. Social Cohesion and Democratic Values"
1,"Distance: 4

Main points of difference:
1. Role of Privatization in Education System
2. Parental Control and Choice in Education
3. Accountability and Equity in Education System
4. Promotion of Civic Engagement and Social Responsibility","Distance: 4

Main points of difference:
1. Privatization vs. Public Funding
2. Market Competition vs. Equity and Accessibility
3. Outcome Prioritization (Skills vs. Theoretical Knowledge)
4. Community Collaboration vs. Parental Control","Distance: 3

Main points of difference:
1. Efficiency and Innovation vs Equity and Access
2. Personalized Learning vs Community and Social Cohesion
3. Accountability and Choice vs Democratic Values"
